,EWS_DaysToThreat,rfr_0_t0,rfr_0_t1,rfr_0_t2,rfr_1_t0,rfr_1_t1,rfr_1_t2,rfr_2_t0,rfr_2_t1,rfr_2_t2,rfr_3_t0,rfr_3_t1,rfr_3_t2,rfr_4_t0,rfr_4_t1,rfr_4_t2,A1_DikeIncrease_t0,A1_DikeIncrease_t1,A1_DikeIncrease_t2,A2_DikeIncrease_t0,A2_DikeIncrease_t1,A2_DikeIncrease_t2,A3_DikeIncrease_t0,A3_DikeIncrease_t1,A3_DikeIncrease_t2,A4_DikeIncrease_t0,A4_DikeIncrease_t1,A4_DikeIncrease_t2,A5_DikeIncrease_t0,A5_DikeIncrease_t1,A5_DikeIncrease_t2,A4_Expected_Annual_Damage,A4_Expected_Number_of_Deaths,Total_Infrastructure_Costs,Total_Expected_Annual_Damage,Total_Expected_Number_of_Deaths
0,3,0,0,0,0,0,0,0,0,0,0,0,0,0,0,0,2,0,0,3,0,0,4,0,0,1,0,0,3,0,0,0,0,148173608.69455487,10707249.612952162,0.00107097453725385
1,3,0,0,0,0,0,0,0,0,0,0,0,0,0,0,0,2,0,0,3,0,0,4,0,0,3,0,0,4,0,0,0,0,153331806.59631377,3186111.973009445,0.00046376860469951326
2,4,0,0,0,0,0,0,0,0,0,0,0,0,0,0,0,2,0,0,1,0,0,3,0,0,0,0,0,2,0,0,0,0,127276587.60788277,31881659.704250984,0.003408796159988491
3,3,0,0,0,0,0,0,0,0,0,0,0,0,0,0,0,2,0,0,3,0,0,4,0,0,3,0,0,3,0,0,0,0,150306216.08149666,9107612.700060587,0.0012704109385807412
4,3,0,0,0,0,0,0,0,0,0,0,0,0,0,0,0,2,0,0,0,0,0,0,0,0,0,0,0,0,0,0,0,0,37255203.23710208,220601806.97533518,0.045512172569746524
5,3,0,0,0,0,0,0,0,0,0,0,0,0,0,0,0,2,0,0,0,0,0,2,0,0,0,0,0,0,0,0,0,0,59423021.43590583,92131906.82715178,0.012165473785740451
6,3,0,0,0,0,0,0,0,0,0,0,0,0,0,0,0,2,0,0,3,0,0,3,0,0,3,0,0,3,0,0,0,0,148100868.99055162,15135086.63828665,0.0029015041288205073
7,3,0,0,0,0,0,0,0,0,0,0,0,0,0,0,0,2,0,0,0,0,0,1,0,0,0,0,0,0,0,0,0,0,57554490.86442277,93231084.46326265,0.012453757413350707
8,3,0,0,0,0,0,0,0,0,0,0,0,0,0,0,0,2,0,0,0,0,0,0,0,0,1,0,0,0,0,0,0,0,43576003.54676832,214426190.37396848,0.04507734671751572
9,3,0,0,0,0,0,0,0,0,0,0,0,0,0,0,0,2,0,0,0,0,0,2,0,0,1,0,0,0,0,0,0,0,65743821.745572075,85956290.22578508,0.011730647933509645
10,3,0,0,0,0,0,0,0,0,0,0,0,0,0,0,0,2,0,0,1,0,0,3,0,0,1,0,0,2,0,0,0,0,133597387.91754901,21500641.6140033,0.0026795523432571813
11,3,0,0,0,0,0,0,0,0,0,0,0,0,0,0,0,2,0,0,3,0,0,4,0,0,2,0,0,4,0,0,0,0,152210479.1192275,7770504.666364808,0.000847184350155331
12,3,0,0,0,0,0,0,0,0,0,0,0,0,0,0,0,2,0,0,0,0,0,1,0,0,1,0,0,1,0,0,0,0,88912505.26026274,68539382.35519835,0.009578520434858509
13,3,0,0,0,0,0,0,0,0,0,0,0,0,0,0,0,2,0,0,0,0,0,1,0,0,1,0,0,0,0,0,0,0,63875291.174089015,87055467.86189595,0.012018931561119904
14,3,0,0,0,0,0,0,0,0,0,0,0,0,0,0,0,1,0,0,0,0,0,1,0,0,0,0,0,0,0,0,0,0,52994188.72148262,146240887.80204377,0.018028640716730365
15,3,0,0,0,0,0,0,0,0,0,0,0,0,0,0,0,2,0,0,1,0,0,3,0,0,2,0,0,2,0,0,0,0,134608667.82740456,15141446.495166717,0.0021791763634099294
16,4,0,0,0,0,0,0,0,0,0,0,0,0,0,0,0,1,0,0,0,0,0,2,0,0,0,0,0,0,0,0,0,0,54862719.29296569,145141710.1659329,0.01774035708912011
17,3,0,0,0,0,0,0,0,0,0,0,0,0,0,0,0,2,0,0,0,0,0,2,0,0,0,0,0,1,0,0,0,0,84460235.52207956,73615821.32045418,0.009725062659479056
18,4,0,0,0,0,0,0,0,0,0,0,0,0,0,0,0,2,0,0,0,0,0,1,0,0,0,0,0,1,0,0,0,0,82591704.9505965,74714998.95656505,0.010013346287089313
19,3,0,0,0,0,0,0,0,0,0,0,0,0,0,0,0,2,0,0,0,0,0,2,0,0,1,0,0,1,0,0,0,0,90781035.8317458,67440204.71908748,0.009290236807248251
20,3,0,0,0,0,0,0,0,0,0,0,0,0,0,0,0,2,0,0,4,0,0,4,0,0,4,0,0,4,0,0,0,0,160089468.29898155,0.0,0.0
21,3,0,0,0,0,0,0,0,0,0,0,0,0,0,0,0,2,0,0,4,0,0,4,0,0,3,0,0,4,0,0,0,0,158847680.63342455,194522.60686646143,1.690353717007122e-05
22,3,0,0,0,0,0,0,1,0,0,0,0,0,0,0,0,2,0,0,0,0,0,0,0,0,0,0,0,1,0,0,0,0,92992417.3232758,49596451.9734261,0.006104799605993348
23,3,0,0,0,0,0,0,1,0,0,0,0,0,0,0,0,2,0,0,0,0,0,0,0,0,1,0,0,1,0,0,0,0,99313217.63294205,36685409.510368384,0.0052045175608877725
24,3,0,0,0,0,0,0,1,0,0,0,0,0,0,0,0,2,0,0,0,0,0,1,0,0,1,0,0,1,0,0,0,0,119612505.26026274,35606844.56148383,0.004926041411171358
25,3,0,0,0,0,0,0,0,0,0,0,0,0,0,0,0,0,0,0,0,0,0,2,0,0,0,0,0,0,0,0,0,0,22167818.198803753,272628280.668575,0.029653993185889373
26,3,0,0,0,0,0,0,0,0,0,0,0,0,0,0,0,0,0,0,0,0,0,1,0,0,0,0,0,0,0,0,0,0,20299287.62732069,273727458.30468583,0.02994227681349963
27,3,0,0,0,0,0,0,0,0,0,0,0,0,0,0,0,0,0,0,0,0,0,0,0,0,0,0,0,0,0,0,0,0,0.0,380452700.8100361,0.05760624952299714
28,3,0,0,0,0,0,0,0,0,0,0,0,0,0,0,0,0,0,0,0,0,0,1,0,0,1,0,0,0,0,0,0,0,26620087.93698693,270288825.986336,0.02970533204280739
29,4,0,0,0,0,0,0,0,0,0,0,0,0,0,0,0,0,0,0,0,0,0,0,0,0,1,0,0,0,0,0,0,0,6320800.309666242,377014068.4916863,0.057369304752304895
30,4,0,0,0,0,0,0,0,0,0,0,0,0,0,0,0,0,0,0,0,0,0,2,0,0,1,0,0,0,0,0,0,0,28488618.508469995,269189648.35022515,0.029417048415197135
